0.10951,0.4436,-0.24538,-1.8909,0.098554,1.1596,-0.17608
0.10874,0.44759,-0.24463,-1.8836,0.10102,1.1531,-0.17664
0.10817,0.45166,-0.24399,-1.8763,0.10347,1.1466,-0.17647
0.11436,0.45611,-0.24508,-1.869,0.098336,1.1393,-0.1665
0.11354,0.46056,-0.24439,-1.8616,0.10102,1.1327,-0.16651
0.11149,0.46553,-0.24321,-1.8542,0.10478,1.1259,-0.16881
0.10944,0.47058,-0.24211,-1.8468,0.10897,1.1191,-0.17036
0.10902,0.47625,-0.24135,-1.8392,0.11094,1.1118,-0.17026
0.10797,0.482,-0.24041,-1.8317,0.11376,1.1047,-0.17076
0.10777,0.48801,-0.23969,-1.8241,0.11542,1.0973,-0.17037
0.10682,0.49408,-0.23879,-1.8165,0.11821,1.09,-0.17045
0.11772,0.50084,-0.24183,-1.8089,0.10692,1.0812,-0.15632
0.10489,0.50712,-0.23673,-1.8011,0.12339,1.0749,-0.17088
0.10383,0.51418,-0.23562,-1.7933,0.126,1.0673,-0.17151
0.099302,0.52126,-0.23324,-1.7854,0.13274,1.0601,-0.17595
0.10255,0.5286,-0.23377,-1.7775,0.13026,1.0518,-0.17169
0.10145,0.53594,-0.23265,-1.7696,0.13305,1.0441,-0.17193
0.098959,0.54364,-0.2309,-1.7615,0.13722,1.0365,-0.17401
0.097622,0.55139,-0.22959,-1.7534,0.13999,1.0287,-0.1749
0.096169,0.55913,-0.22823,-1.7452,0.14285,1.021,-0.1759
0.10195,0.56697,-0.2301,-1.7372,0.13734,1.0122,-0.16942
0.10303,0.57478,-0.2299,-1.729,0.13719,1.0041,-0.16775
0.10161,0.58256,-0.22857,-1.7207,0.13983,0.99646,-0.16858
0.1002,0.59033,-0.22722,-1.7124,0.14245,0.9888,-0.16938
0.098734,0.59811,-0.22585,-1.704,0.14504,0.98117,-0.1703
0.10087,0.60582,-0.22632,-1.6958,0.14365,0.97306,-0.16762
0.09426,0.61327,-0.22227,-1.6872,0.15187,0.96639,-0.17343
0.093035,0.62081,-0.22101,-1.6787,0.15411,0.95891,-0.17413
0.0914,0.62814,-0.21953,-1.6702,0.15682,0.95161,-0.17514
0.098846,0.63563,-0.22313,-1.6622,0.14993,0.94273,-0.16735
0.097427,0.64292,-0.22182,-1.6536,0.15229,0.93542,-0.16803
0.084625,0.64985,-0.2139,-1.6445,0.16643,0.93016,-0.17965
0.083246,0.65694,-0.21256,-1.6359,0.16878,0.923,-0.1804
0.081568,0.66395,-0.21103,-1.6272,0.1714,0.91595,-0.18144
0.07942,0.67087,-0.20923,-1.6185,0.17447,0.90904,-0.1829
0.078349,0.67776,-0.20808,-1.6099,0.17648,0.90195,-0.1833
0.080299,0.6847,-0.20884,-1.6014,0.17551,0.89424,-0.18085
0.082333,0.69163,-0.20971,-1.5929,0.17441,0.88653,-0.17834
0.081005,0.69838,-0.20842,-1.5841,0.17658,0.87957,-0.1789
0.07066,0.70497,-0.20115,-1.5746,0.18717,0.87455,-0.18807
0.0694,0.71155,-0.1999,-1.5658,0.18931,0.86768,-0.18856
0.065731,0.71816,-0.19697,-1.5568,0.19364,0.86138,-0.19136
0.061071,0.72475,-0.19335,-1.5475,0.19889,0.85535,-0.19503
0.059946,0.7314,-0.19213,-1.5386,0.20086,0.84847,-0.19549
0.063688,0.73809,-0.19438,-1.5301,0.19838,0.84038,-0.19152
0.061503,0.7447,-0.19243,-1.5209,0.20116,0.83377,-0.19301
0.060265,0.75125,-0.19116,-1.5119,0.20319,0.82697,-0.19348
0.056082,0.75781,-0.18771,-1.5025,0.20767,0.82092,-0.19678
0.054879,0.76432,-0.18645,-1.4933,0.20968,0.81414,-0.19719
0.05343,0.77089,-0.18502,-1.4841,0.21188,0.8074,-0.19779
0.052169,0.77754,-0.18372,-1.4748,0.21386,0.80059,-0.1983
0.05016,0.78422,-0.1818,-1.4654,0.21629,0.79399,-0.19976
0.048936,0.79075,-0.18052,-1.4561,0.21822,0.78721,-0.20021
0.047349,0.79734,-0.17894,-1.4466,0.22038,0.78053,-0.2011
0.04616,0.8039,-0.17768,-1.4372,0.22229,0.77374,-0.20146
0.041303,0.81054,-0.17344,-1.4273,0.22712,0.76799,-0.20518
0.046914,0.81721,-0.17774,-1.4186,0.22349,0.75916,-0.1996
0.045333,0.82396,-0.17615,-1.4089,0.22549,0.75241,-0.20053
0.049617,0.83069,-0.1795,-1.4,0.22292,0.74395,-0.19613
0.048301,0.83746,-0.17817,-1.3902,0.22472,0.73709,-0.19666
0.04716,0.84424,-0.17699,-1.3804,0.22636,0.73018,-0.19704
0.037778,0.85095,-0.16862,-1.3695,0.23456,0.72575,-0.20437
0.029415,0.85783,-0.16104,-1.3586,0.24205,0.72108,-0.21068
0.028153,0.86485,-0.15962,-1.3485,0.24378,0.71417,-0.2114
0.028924,0.87184,-0.16003,-1.3387,0.24378,0.70659,-0.21062
0.012533,0.87891,-0.14492,-1.3262,0.25711,0.7048,-0.22402
0.011495,0.88585,-0.14362,-1.316,0.25888,0.69785,-0.22439
0.010426,0.89286,-0.14229,-1.3058,0.26064,0.69088,-0.22479
0.0093727,0.89995,-0.14096,-1.2954,0.26239,0.68386,-0.22518
0.0082981,0.90712,-0.13961,-1.2849,0.26412,0.67682,-0.2256
0.0072251,0.91436,-0.13825,-1.2744,0.26584,0.66975,-0.22601
0.0061609,0.92168,-0.13689,-1.2638,0.26756,0.66263,-0.22643
0.0050862,0.92908,-0.13552,-1.253,0.26925,0.65548,-0.22686
0.21806,0.42716,-0.27763,-1.9198,0.026359,1.0908,-0.074497
0.21581,0.43138,-0.27657,-1.9127,0.029189,1.0839,-0.077804
0.21469,0.43598,-0.27574,-1.9054,0.030633,1.0771,-0.079571
0.21012,0.44037,-0.27374,-1.8982,0.035301,1.0699,-0.087576
0.20888,0.44577,-0.27287,-1.8908,0.037244,1.0627,-0.088876
0.20841,0.45135,-0.27198,-1.8833,0.037305,1.0556,-0.090702
0.20707,0.45738,-0.27105,-1.8758,0.039455,1.0482,-0.091851
0.20523,0.46341,-0.26986,-1.8683,0.041812,1.0408,-0.094208
0.20365,0.46967,-0.26872,-1.8607,0.043865,1.0333,-0.096207
0.21799,0.47795,-0.27293,-1.8526,0.026268,1.026,-0.07943
0.2104,0.48418,-0.26983,-1.8451,0.036069,1.0181,-0.087196
0.20776,0.49091,-0.26797,-1.8374,0.037813,1.0104,-0.092504
0.26874,0.5068,-0.29107,-1.8289,-0.033605,1.0034,-0.02071
0.26602,0.51405,-0.2895,-1.8211,-0.031964,0.99525,-0.024505
0.26484,0.52179,-0.28866,-1.8132,-0.031557,0.98725,-0.025567
0.25984,0.52892,-0.28594,-1.8054,-0.027887,0.97877,-0.032676
0.26168,0.53764,-0.28655,-1.7972,-0.030254,0.97102,-0.029221
0.25586,0.54487,-0.28373,-1.7894,-0.023941,0.9625,-0.03407
0.18647,0.54189,-0.25141,-1.7855,0.056081,0.94818,-0.10665
0.26525,0.55976,-0.28875,-1.7789,-0.033527,0.93697,-0.025558
0.26364,0.56795,-0.28783,-1.7707,-0.032311,0.92896,-0.025966
0.26237,0.5762,-0.2871,-1.7624,-0.031389,0.92104,-0.025854
0.26111,0.58444,-0.28635,-1.754,-0.030656,0.91314,-0.025963
0.25979,0.59267,-0.28576,-1.7456,-0.028841,0.90528,-0.024483
0.25079,0.59929,-0.2809,-1.7375,-0.019171,0.89679,-0.031157
0.26517,0.61036,-0.28918,-1.7284,-0.033654,0.89034,-0.013949
0.26675,0.61882,-0.29029,-1.7198,-0.035274,0.88301,-0.010035
0.26467,0.62644,-0.28921,-1.7114,-0.033714,0.87534,-0.010551
0.26226,0.63396,-0.28792,-1.7029,-0.031954,0.86768,-0.011563
0.26496,0.6426,-0.29008,-1.6941,-0.033116,0.86056,-0.004194
0.26517,0.65044,-0.29049,-1.6854,-0.033581,0.85332,-0.0019921
0.264,0.65796,-0.29017,-1.6768,-0.032086,0.84596,-0.00010612
0.25949,0.66462,-0.28764,-1.6683,-0.027783,0.83831,-0.0020395
0.24985,0.67016,-0.28166,-1.66,-0.019011,0.8302,-0.0094312
0.2712,0.68235,-0.29628,-1.6504,-0.039346,0.82497,0.012522
0.28675,0.69372,-0.30736,-1.6406,-0.05398,0.81988,0.029364
0.30205,0.70541,-0.31875,-1.6305,-0.066854,0.81528,0.04827
0.30053,0.71242,-0.31844,-1.6217,-0.065752,0.80815,0.049653
0.3043,0.72092,-0.32201,-1.6124,-0.068802,0.80201,0.05685
0.30162,0.72745,-0.32077,-1.6037,-0.06809,0.79472,0.055156
0.2992,0.73414,-0.31971,-1.5949,-0.067676,0.78746,0.053613
0.29485,0.74036,-0.31739,-1.5862,-0.064173,0.77987,0.052577
0.29407,0.74757,-0.31769,-1.5772,-0.064007,0.77294,0.054376
0.29265,0.75457,-0.31756,-1.5681,-0.063003,0.76593,0.056066
0.29557,0.76278,-0.32091,-1.5586,-0.06471,0.75975,0.063123
0.28937,0.76823,-0.317,-1.55,-0.060641,0.75192,0.059225
0.28753,0.77496,-0.31655,-1.5409,-0.059657,0.7449,0.060021
0.28979,0.78289,-0.31937,-1.5314,-0.062448,0.73861,0.063838
0.28752,0.78952,-0.31856,-1.5222,-0.061836,0.73153,0.063305
0.2822,0.79532,-0.3152,-1.5133,-0.059271,0.72386,0.05937
0.28311,0.80301,-0.31718,-1.5037,-0.059467,0.71734,0.064299
0.24972,0.80109,-0.2903,-1.4973,-0.032467,0.70479,0.039659
0.24713,0.80755,-0.28902,-1.488,-0.031616,0.69776,0.038373
0.28471,0.82496,-0.32242,-1.476,-0.062081,0.69579,0.071323
0.2823,0.83164,-0.32151,-1.4666,-0.062436,0.68867,0.069328
0.2869,0.84061,-0.32694,-1.4564,-0.066603,0.68284,0.075719
0.28777,0.84851,-0.32928,-1.4463,-0.066119,0.6764,0.081872
0.28652,0.85559,-0.3296,-1.4366,-0.066445,0.66953,0.082523
0.28487,0.86261,-0.32964,-1.4268,-0.06575,0.6626,0.084031
0.28329,0.86964,-0.32969,-1.4169,-0.065896,0.65565,0.084352
0.27973,0.87609,-0.32788,-1.4073,-0.065591,0.64826,0.081564
0.27748,0.8831,-0.32735,-1.3974,-0.065279,0.64113,0.081401
0.27838,0.89122,-0.33004,-1.3869,-0.064419,0.63472,0.088284
0.27635,0.89824,-0.32979,-1.3768,-0.064309,0.62765,0.088323
0.27506,0.90557,-0.33035,-1.3666,-0.063642,0.62077,0.09071
0.27273,0.91255,-0.32985,-1.3564,-0.063382,0.61363,0.090514
0.27023,0.91954,-0.32921,-1.3461,-0.063046,0.60642,0.090156
0.26773,0.9266,-0.32857,-1.3358,-0.062715,0.5992,0.089827
0.26521,0.93374,-0.32793,-1.3254,-0.06239,0.59195,0.089511
0.26266,0.94095,-0.32729,-1.3149,-0.062063,0.58467,0.089197
0.25914,0.94953,-0.3258,-1.2989,-0.061185,0.58687,0.088099
0.25478,0.95938,-0.32358,-1.2781,-0.059826,0.59749,0.086311
0.31391,0.39927,-0.20263,-1.9943,-0.56452,0.87208,-1.1999
0.31708,0.39975,-0.19851,-1.9939,-0.55785,0.87418,-1.1965
0.3209,0.40879,-0.19313,-1.9828,-0.54686,0.89369,-1.1964
0.32398,0.40989,-0.18903,-1.9831,-0.54101,0.89358,-1.193
0.32705,0.41348,-0.18462,-1.9802,-0.53334,0.89871,-1.1902
0.32945,0.4145,-0.18089,-1.9807,-0.52541,0.89773,-1.1844
0.33245,0.42308,-0.17585,-1.9725,-0.51573,0.9102,-1.1834
0.33447,0.43221,-0.17118,-1.9633,-0.5028,0.92398,-1.18
0.33694,0.435,-0.1673,-1.964,-0.49608,0.92107,-1.1748
0.34014,0.41666,-0.16677,-1.9947,-0.50463,0.86944,-1.1605
0.3426,0.42054,-0.16282,-1.9956,-0.49844,0.86513,-1.1553
0.34503,0.4237,-0.15908,-1.9981,-0.49306,0.85759,-1.1494
0.34669,0.43361,-0.15438,-1.9917,-0.48159,0.86416,-1.1449
0.3489,0.43893,-0.15057,-1.9931,-0.4755,0.857,-1.1387
0.35057,0.44714,-0.14643,-1.9912,-0.46657,0.85472,-1.1324
0.36107,0.45897,-0.1456,-1.9875,-0.46602,0.85841,-1.1133
0.42121,0.48556,-0.16238,-1.9787,-0.51503,0.89192,-1.0286
0.49225,0.52291,-0.18153,-1.9652,-0.5707,0.93935,-0.93158
0.52135,0.54868,-0.18628,-1.9558,-0.58565,0.95768,-0.88891
0.57678,0.59439,-0.1982,-1.9352,-0.62066,1.0067,-0.81987
0.23269,0.4985,-0.12917,-1.8405,-0.53337,0.95922,-1.4621
0.23429,0.49914,-0.12521,-1.8394,-0.52498,0.96475,-1.4603
0.24073,0.51381,-0.12283,-1.8208,-0.51367,0.99984,-1.4538
0.24133,0.50821,-0.11972,-1.8289,-0.50642,0.99038,-1.4471
0.23767,0.48901,-0.11678,-1.8546,-0.4997,0.95164,-1.4371
0.24439,0.5095,-0.11403,-1.8296,-0.4867,0.99597,-1.4314
0.24693,0.51014,-0.11057,-1.8315,-0.48116,0.99551,-1.4275
0.24755,0.50901,-0.10807,-1.835,-0.4704,0.99251,-1.4175
0.25201,0.52579,-0.10517,-1.8163,-0.45812,1.0246,-1.4123
0.25336,0.52559,-0.10221,-1.8201,-0.45008,1.0202,-1.4048
0.25475,0.53478,-0.099972,-1.8115,-0.43538,1.0355,-1.3943
0.2562,0.543,-0.097404,-1.8052,-0.42283,1.0464,-1.3854
0.2555,0.51665,-0.09448,-1.8464,-0.4264,0.98183,-1.3755
0.25632,0.52992,-0.091934,-1.834,-0.40934,1.0016,-1.3647
0.25732,0.53148,-0.089168,-1.8391,-0.40091,0.99315,-1.3555
0.2579,0.53849,-0.086511,-1.8371,-0.38847,0.99537,-1.3452
0.28803,0.55223,-0.095642,-1.8327,-0.40525,1.0121,-1.2973
0.34579,0.57089,-0.11559,-1.8304,-0.44932,1.0365,-1.2128
0.3577,0.57369,-0.11817,-1.8395,-0.45081,1.0236,-1.1825
0.43256,0.60011,-0.14266,-1.8396,-0.51458,1.0505,-1.0838
0.46106,0.6175,-0.15038,-1.8387,-0.52904,1.0583,-1.0362
0.52239,0.65564,-0.17044,-1.8269,-0.56657,1.098,-0.94692
0.58316,0.70333,-0.18964,-1.8096,-0.5997,1.1439,-0.85959
0.60158,0.73386,-0.19086,-1.7977,-0.60447,1.1564,-0.8333
0.18386,0.58179,-0.082204,-1.7175,-0.51769,1.0362,-1.567
0.18547,0.58202,-0.079003,-1.7169,-0.50855,1.0424,-1.5621
0.19355,0.59737,-0.078924,-1.6974,-0.49849,1.0796,-1.5507
0.19717,0.59838,-0.075636,-1.6979,-0.49429,1.0838,-1.5483
0.19828,0.59837,-0.073735,-1.6983,-0.48219,1.0881,-1.5364
0.20752,0.62112,-0.073999,-1.6709,-0.47269,1.1358,-1.527
0.19969,0.59332,-0.068512,-1.7081,-0.46271,1.0812,-1.517
0.20371,0.60619,-0.067861,-1.6932,-0.44878,1.1086,-1.5039
0.2049,0.60614,-0.065137,-1.6964,-0.43978,1.1069,-1.4955
0.20937,0.62345,-0.064322,-1.6771,-0.42655,1.14,-1.4849
0.21039,0.63316,-0.063773,-1.6675,-0.40932,1.1578,-1.4684
0.21202,0.63135,-0.060233,-1.6751,-0.40414,1.148,-1.4631
0.20964,0.62681,-0.059548,-1.685,-0.3857,1.1361,-1.4404
0.21161,0.63943,-0.05734,-1.6744,-0.37389,1.1531,-1.4322
0.21203,0.64134,-0.055363,-1.6782,-0.36208,1.1487,-1.419
0.24722,0.64757,-0.070527,-1.6833,-0.37955,1.1557,-1.3528
0.2473,0.65216,-0.068742,-1.6853,-0.36599,1.1525,-1.3377
0.29401,0.66846,-0.085743,-1.6827,-0.39817,1.1715,-1.2721
0.38876,0.68417,-0.12092,-1.7006,-0.48349,1.18,-1.1515
0.39065,0.68634,-0.11916,-1.7085,-0.47412,1.1647,-1.1326
0.46434,0.72143,-0.14653,-1.7024,-0.52652,1.2008,-1.0328
0.48206,0.72685,-0.15379,-1.7146,-0.52533,1.184,-0.97767
0.54201,0.78496,-0.17174,-1.6849,-0.56433,1.2434,-0.91611
0.17688,0.63335,-0.080296,-1.6435,-0.49343,1.1139,-1.5259
0.17788,0.63451,-0.077957,-1.6411,-0.48106,1.1219,-1.5161
0.18727,0.65688,-0.077995,-1.6129,-0.47339,1.1697,-1.51
0.18859,0.65378,-0.074865,-1.6179,-0.46575,1.1657,-1.5029
0.19075,0.66231,-0.074645,-1.6067,-0.44957,1.1866,-1.4864
0.19385,0.66423,-0.071427,-1.6068,-0.44446,1.1894,-1.4828
0.19761,0.68155,-0.071333,-1.5854,-0.42957,1.2245,-1.4705
0.19131,0.64372,-0.067543,-1.6373,-0.41895,1.1505,-1.446
0.19576,0.66077,-0.065168,-1.6184,-0.41018,1.1805,-1.4432
0.19517,0.66219,-0.064176,-1.6191,-0.39326,1.182,-1.4243
0.19672,0.67395,-0.062139,-1.6077,-0.38036,1.2002,-1.4153
0.1954,0.68442,-0.061705,-1.5973,-0.35883,1.2174,-1.3953
0.19722,0.67331,-0.059807,-1.6188,-0.35259,1.1871,-1.3785
0.19599,0.69265,-0.05752,-1.5985,-0.33354,1.2166,-1.3691
0.21623,0.70235,-0.06666,-1.5954,-0.33438,1.229,-1.3225
0.23082,0.69926,-0.072113,-1.6103,-0.33488,1.2118,-1.2837
0.31527,0.69458,-0.10249,-1.6475,-0.42081,1.1812,-1.1888
0.34799,0.71758,-0.11399,-1.636,-0.43621,1.2063,-1.1407
0.38823,0.73078,-0.12968,-1.6423,-0.45969,1.2082,-1.0744
0.43954,0.7652,-0.14949,-1.6283,-0.48875,1.2425,-1.0017
0.48077,0.81349,-0.16228,-1.5969,-0.51142,1.2947,-0.95996
0.15778,0.69468,-0.065803,-1.5545,-0.48272,1.1599,-1.5567
0.16534,0.70765,-0.065758,-1.5377,-0.47602,1.1904,-1.5486
0.1775,0.73744,-0.068948,-1.4993,-0.46843,1.2527,-1.5383
0.17854,0.73381,-0.065807,-1.5051,-0.46037,1.248,-1.5303
0.18085,0.74421,-0.067058,-1.491,-0.44245,1.2731,-1.5087
0.18427,0.74693,-0.064033,-1.4902,-0.43791,1.2772,-1.5054
0.18371,0.74585,-0.063422,-1.4924,-0.42081,1.2781,-1.4836
0.18428,0.74242,-0.061062,-1.4997,-0.41039,1.2706,-1.4703
0.18392,0.74034,-0.05992,-1.505,-0.39526,1.2662,-1.4504
0.18421,0.75041,-0.059379,-1.4945,-0.37787,1.2838,-1.4331
0.18503,0.7626,-0.057959,-1.4822,-0.36348,1.3029,-1.4213
0.18453,0.76008,-0.058237,-1.49,-0.34518,1.295,-1.3934
0.18277,0.76927,-0.057918,-1.4826,-0.32394,1.3073,-1.371
0.18713,0.76327,-0.055981,-1.4991,-0.32092,1.2844,-1.3576
0.19982,0.755,-0.062244,-1.5202,-0.31709,1.2599,-1.3136
0.25051,0.77684,-0.083812,-1.5091,-0.35101,1.2894,-1.2476
0.31749,0.78772,-0.11183,-1.5223,-0.40449,1.2899,-1.1617
0.36093,0.81897,-0.13113,-1.5044,-0.42513,1.3268,-1.0965
0.4102,0.84013,-0.15387,-1.5062,-0.44994,1.3378,-1.0125
0.45052,0.89165,-0.16797,-1.4702,-0.47445,1.3926,-0.97591
0.12086,0.75227,-0.038152,-1.464,-0.46174,1.1942,-1.634
0.12193,0.75311,-0.037623,-1.4621,-0.44736,1.2032,-1.6158
0.13422,0.77336,-0.040234,-1.4366,-0.44565,1.2465,-1.6072
0.13492,0.77173,-0.038023,-1.4398,-0.43506,1.247,-1.5954
0.14421,0.79294,-0.041339,-1.4126,-0.42638,1.2918,-1.5796
0.1432,0.7884,-0.039067,-1.4203,-0.41309,1.2855,-1.5636
0.14607,0.79711,-0.03944,-1.4106,-0.40011,1.304,-1.5464
0.14952,0.81494,-0.041736,-1.3885,-0.38329,1.34,-1.5248
0.15195,0.81884,-0.03973,-1.3874,-0.37546,1.3446,-1.5157
0.15078,0.82628,-0.041906,-1.3797,-0.35133,1.3609,-1.4826
0.15215,0.82465,-0.039994,-1.3874,-0.34184,1.3529,-1.4682
0.15282,0.82995,-0.03923,-1.3854,-0.32781,1.3585,-1.4502
0.1623,0.8385,-0.047553,-1.3804,-0.31245,1.3739,-1.4012
0.17589,0.83332,-0.053147,-1.3975,-0.31215,1.3562,-1.3645
0.22054,0.84617,-0.073369,-1.3967,-0.34201,1.37,-1.3052
0.27793,0.86709,-0.10134,-1.3913,-0.37944,1.3952,-1.2257
0.3136,0.88878,-0.11779,-1.3821,-0.39676,1.4172,-1.1719
0.38789,0.91706,-0.1545,-1.3829,-0.44626,1.4398,-1.0666
0.41159,0.95926,-0.15841,-1.3507,-0.46802,1.4809,-1.0701
0.45908,0.93757,-0.16712,-1.4183,-0.52793,1.3986,-1.0384
0.15411,0.80372,-0.059361,-1.3984,-0.49038,1.2438,-1.5747
0.15559,0.80447,-0.058092,-1.397,-0.47825,1.2509,-1.5596
0.16349,0.81884,-0.058946,-1.3787,-0.4729,1.2817,-1.5516
0.16536,0.81879,-0.056592,-1.3799,-0.46447,1.284,-1.542
0.16756,0.8332,-0.059734,-1.3591,-0.44236,1.3188,-1.5121
0.17051,0.834,-0.056324,-1.3615,-0.43865,1.318,-1.5094
0.16917,0.83411,-0.05647,-1.3622,-0.41803,1.3219,-1.4804
0.17274,0.85395,-0.056322,-1.3376,-0.40621,1.3579,-1.4715
0.17386,0.87245,-0.056721,-1.3144,-0.38889,1.3922,-1.455
0.17261,0.87203,-0.058402,-1.318,-0.36556,1.3926,-1.417
0.17628,0.8608,-0.056899,-1.3409,-0.36041,1.3642,-1.3974
0.17501,0.86776,-0.056699,-1.3363,-0.34026,1.3728,-1.3717
0.20795,0.87652,-0.074091,-1.3382,-0.35448,1.3819,-1.3125
0.21801,0.87197,-0.079467,-1.3552,-0.34646,1.3635,-1.269
0.27221,0.89647,-0.10674,-1.3449,-0.3814,1.3923,-1.1965
0.32401,0.92177,-0.13272,-1.3377,-0.41317,1.4158,-1.1236
0.32377,0.98172,-0.11639,-1.2677,-0.43362,1.4903,-1.2167
0.3935,0.81645,-0.12978,-1.5546,-0.58061,1.1151,-1.1554
0.40582,0.77665,-0.13108,-1.6315,-0.62649,1.0016,-1.1416
0.40821,0.7789,-0.12709,-1.6315,-0.62173,1.0007,-1.1381
0.13981,0.81897,-0.070525,-1.3653,-0.44635,1.2184,-1.4779
0.13951,0.8263,-0.070295,-1.3527,-0.42537,1.2402,-1.4538
0.1435,0.83396,-0.067541,-1.3439,-0.42103,1.2538,-1.4526
0.14373,0.83352,-0.065554,-1.3459,-0.40783,1.2539,-1.4355
0.14379,0.82806,-0.063362,-1.3566,-0.39597,1.2418,-1.4167
0.14511,0.84694,-0.060817,-1.331,-0.38296,1.2771,-1.4124
0.1423,0.85394,-0.060131,-1.3225,-0.35866,1.2916,-1.3838
0.14147,0.86538,-0.057367,-1.31,-0.34356,1.3084,-1.3723
0.14335,0.8625,-0.056636,-1.3208,-0.33213,1.2954,-1.3489
0.15734,0.86565,-0.062595,-1.3259,-0.33226,1.2923,-1.3162
0.21838,0.88579,-0.096106,-1.3183,-0.37401,1.3193,-1.2349
0.23532,0.89624,-0.10379,-1.3167,-0.37516,1.3239,-1.198
0.27588,0.92029,-0.12059,-1.3053,-0.40881,1.3443,-1.1659
0.26998,0.9763,-0.097049,-1.2319,-0.43093,1.4173,-1.2875
0.3137,0.84758,-0.11132,-1.4548,-0.51271,1.1292,-1.2146
0.32744,0.77419,-0.12263,-1.5862,-0.55536,0.94019,-1.1525
0.32907,0.78474,-0.11666,-1.5703,-0.54556,0.96299,-1.1569
0.32992,0.79359,-0.11109,-1.557,-0.53458,0.98131,-1.1577
0.3313,0.80178,-0.10581,-1.5462,-0.52628,0.99517,-1.1592
0.17107,0.83795,-0.091507,-1.3468,-0.48898,1.1794,-1.4364
0.16974,0.83023,-0.088277,-1.3585,-0.47615,1.1665,-1.4183
0.18,0.88511,-0.089303,-1.276,-0.4651,1.2794,-1.4319
0.1802,0.88496,-0.08711,-1.2773,-0.45157,1.2804,-1.4138
0.18172,0.88844,-0.084452,-1.2747,-0.44192,1.2854,-1.4032
0.18085,0.89213,-0.082688,-1.271,-0.42432,1.2927,-1.3812
0.18144,0.89032,-0.080829,-1.2781,-0.41163,1.2849,-1.3599
0.18044,0.9008,-0.077723,-1.2665,-0.39618,1.2999,-1.3474
0.17724,0.90693,-0.076247,-1.2614,-0.37221,1.308,-1.3172
0.23047,0.91858,-0.106,-1.2681,-0.40993,1.3144,-1.245
0.23321,0.93023,-0.10014,-1.2612,-0.41101,1.317,-1.2562
0.23864,0.95301,-0.090093,-1.2377,-0.42775,1.3373,-1.3066
0.26207,0.81164,-0.097234,-1.4868,-0.50833,0.99831,-1.2527
0.26583,0.79506,-0.095733,-1.5218,-0.51942,0.94465,-1.2445
0.26966,0.81778,-0.089237,-1.4839,-0.50691,1.0013,-1.2564
0.27097,0.80491,-0.087538,-1.5079,-0.50476,0.96636,-1.2395
0.27319,0.81111,-0.083131,-1.5003,-0.49767,0.97684,-1.2381
0.27548,0.81775,-0.078667,-1.4924,-0.49109,0.98737,-1.2375
0.20588,0.89414,-0.13284,-1.2659,-0.48365,1.2326,-1.3165
0.20329,0.90668,-0.12856,-1.2434,-0.4645,1.2622,-1.3083
0.20624,0.90594,-0.1256,-1.2472,-0.45972,1.257,-1.3003
0.20496,0.91083,-0.1222,-1.2396,-0.44376,1.2667,-1.2853
0.20781,0.90928,-0.12004,-1.2464,-0.43707,1.2574,-1.2706
0.21089,0.90695,-0.11843,-1.2554,-0.42978,1.2452,-1.2522
0.2113,0.91135,-0.11514,-1.2536,-0.41873,1.2451,-1.2391
0.21186,0.91517,-0.11236,-1.254,-0.40697,1.2419,-1.2222
0.20357,0.93208,-0.10451,-1.2311,-0.38291,1.2659,-1.2158
0.23094,0.94673,-0.10999,-1.2277,-0.42068,1.2656,-1.2333
0.25998,0.90471,-0.11807,-1.3166,-0.47148,1.1479,-1.2211
0.26997,0.88322,-0.12126,-1.3577,-0.47959,1.0937,-1.193
0.28266,0.8529,-0.12834,-1.4166,-0.49362,1.0137,-1.1534
0.28551,0.85352,-0.12496,-1.4174,-0.49024,1.0108,-1.1494
0.28597,0.86017,-0.11927,-1.4062,-0.48211,1.0243,-1.1518
0.28697,0.86591,-0.11413,-1.398,-0.47536,1.0331,-1.1527
0.19501,0.90938,-0.14362,-1.2309,-0.43784,1.2284,-1.2337
0.19598,0.9124,-0.13974,-1.2268,-0.42967,1.232,-1.2276
0.20092,0.90874,-0.13861,-1.2364,-0.42663,1.2186,-1.2131
0.20261,0.9108,-0.13545,-1.236,-0.41901,1.2166,-1.2032
0.20359,0.91594,-0.13124,-1.2315,-0.412,1.2185,-1.1988
0.20724,0.9154,-0.12992,-1.2381,-0.40568,1.2075,-1.1814
0.21674,0.91106,-0.13155,-1.2564,-0.40957,1.1803,-1.1624
0.2196,0.9189,-0.12749,-1.2538,-0.40823,1.176,-1.1625
0.2313,0.9163,-0.12862,-1.2711,-0.42103,1.1476,-1.1571
0.23493,0.92133,-0.12467,-1.2685,-0.42171,1.1455,-1.1606
0.25092,0.90484,-0.13134,-1.3056,-0.43575,1.096,-1.1335
0.25307,0.90652,-0.1275,-1.303,-0.43142,1.0968,-1.1313
0.25504,0.90824,-0.12364,-1.3003,-0.42664,1.0976,-1.1285
0.26461,0.9005,-0.12589,-1.3187,-0.43169,1.0712,-1.1113
0.26777,0.90161,-0.12283,-1.3187,-0.42905,1.0678,-1.1075
0.27129,0.9028,-0.12016,-1.3198,-0.42678,1.0622,-1.1023
0.19704,0.94974,-0.14868,-1.1627,-0.44956,1.2225,-1.239
0.19775,0.95358,-0.14435,-1.1571,-0.44153,1.2275,-1.2344
0.20058,0.95509,-0.14117,-1.1576,-0.43722,1.2247,-1.2284
0.20361,0.95434,-0.13904,-1.1624,-0.43098,1.2172,-1.2143
0.20788,0.95528,-0.13692,-1.1674,-0.42871,1.2075,-1.2052
0.20674,0.96235,-0.13177,-1.1599,-0.41755,1.2124,-1.1981
0.21497,0.96151,-0.13181,-1.1729,-0.42219,1.1911,-1.188
0.21204,0.9768,-0.12324,-1.1526,-0.41425,1.2083,-1.2007
0.23165,0.9588,-0.13103,-1.1973,-0.43596,1.1502,-1.1792
0.24808,0.9386,-0.13931,-1.2407,-0.44849,1.0957,-1.1447
0.24984,0.94089,-0.13509,-1.2369,-0.44367,1.0981,-1.1433
0.25054,0.94477,-0.12991,-1.2295,-0.43776,1.1047,-1.1447
0.25364,0.94548,-0.12676,-1.2293,-0.43488,1.1024,-1.1412
0.25579,0.94782,-0.12289,-1.2266,-0.4308,1.1026,-1.139
0.25383,0.95551,-0.11569,-1.2127,-0.42159,1.1161,-1.1441
0.20244,1.0041,-0.1509,-1.0713,-0.48036,1.2389,-1.2893
0.19871,1.0206,-0.1433,-1.041,-0.46598,1.2726,-1.2963
0.20126,1.0212,-0.1402,-1.043,-0.46035,1.2695,-1.2872
0.20137,1.0259,-0.13574,-1.0371,-0.45064,1.2748,-1.2792
0.20339,1.0276,-0.13268,-1.0391,-0.44338,1.2707,-1.2666
0.20539,1.0316,-0.12917,-1.0389,-0.4373,1.2677,-1.2579
0.21173,1.0337,-0.12715,-1.0454,-0.44097,1.2552,-1.2572
0.22947,1.0161,-0.13255,-1.0912,-0.46322,1.1978,-1.2461
0.18641,0.98159,-0.094794,-1.1367,-0.42135,1.1262,-1.2723
0.19147,0.97454,-0.093776,-1.1513,-0.42095,1.1077,-1.261
0.19389,0.97643,-0.089987,-1.1486,-0.41676,1.1101,-1.259
0.19638,0.978,-0.086333,-1.1466,-0.41269,1.1113,-1.2564
0.19812,0.98159,-0.082019,-1.1411,-0.40746,1.1166,-1.2552
0.19978,0.98573,-0.077652,-1.1354,-0.40221,1.1215,-1.254
0.20178,0.98901,-0.073675,-1.1318,-0.39747,1.1236,-1.2516
0.20536,0.98939,-0.071042,-1.1348,-0.39522,1.1173,-1.2463
0.13529,1.0248,-0.10629,-1.0007,-0.40757,1.2345,-1.3178
0.1389,1.0237,-0.10384,-1.0062,-0.40435,1.2269,-1.3096
0.14229,1.024,-0.10117,-1.0101,-0.40103,1.2205,-1.3023
0.1425,1.0309,-0.096233,-1.0017,-0.39292,1.2275,-1.2985
0.14178,1.0395,-0.090725,-0.99124,-0.38341,1.2361,-1.2945
0.1453,1.0428,-0.087992,-0.99361,-0.38086,1.229,-1.2886
0.1576,1.0334,-0.09111,-1.0234,-0.39295,1.1897,-1.2791
0.16267,1.033,-0.089281,-1.0295,-0.39343,1.1793,-1.2747
0.16588,1.0333,-0.086245,-1.03,-0.39044,1.1773,-1.2709
0.17063,1.0298,-0.084742,-1.0377,-0.38912,1.1674,-1.2626
0.17507,1.0276,-0.0829,-1.0434,-0.38758,1.1592,-1.2556
0.17757,1.0292,-0.079286,-1.0413,-0.38379,1.1599,-1.2532
0.18049,1.0306,-0.076051,-1.0406,-0.38056,1.1583,-1.2498
0.18193,1.0348,-0.071568,-1.0349,-0.37546,1.1621,-1.2487
0.18446,1.0373,-0.068043,-1.033,-0.37176,1.1612,-1.2456
0.11494,1.0756,-0.095614,-0.89793,-0.38574,1.2569,-1.3235
0.12102,1.0711,-0.095026,-0.91089,-0.38626,1.2411,-1.3136
0.12358,1.0743,-0.091532,-0.90931,-0.38237,1.2401,-1.3098
0.12444,1.0808,-0.086745,-0.90215,-0.37607,1.2446,-1.3073
0.12694,1.0856,-0.083247,-0.90062,-0.37223,1.2419,-1.303
0.12833,1.0925,-0.078822,-0.89518,-0.36701,1.243,-1.3002
0.13388,1.093,-0.077659,-0.90241,-0.36757,1.2307,-1.2938
0.13785,1.0933,-0.07537,-0.90531,-0.3655,1.2251,-1.2883
0.14056,1.0943,-0.071972,-0.9037,-0.36189,1.2253,-1.2853
0.14388,1.0944,-0.06912,-0.90411,-0.35901,1.2233,-1.2813
0.1463,1.0962,-0.06546,-0.90149,-0.35511,1.2241,-1.2787
0.15001,1.0962,-0.06294,-0.90281,-0.35282,1.2205,-1.2744
0.15478,1.0954,-0.061376,-0.90726,-0.35186,1.2131,-1.2682
0.15662,1.099,-0.057224,-0.90292,-0.34742,1.2145,-1.2664
0.16012,1.1004,-0.05459,-0.90349,-0.34495,1.2106,-1.2619
0.087521,1.1328,-0.077645,-0.77941,-0.35545,1.2884,-1.3361
0.0947,1.1285,-0.078062,-0.79272,-0.35758,1.2725,-1.3273
0.098321,1.1312,-0.075234,-0.79254,-0.35573,1.2692,-1.3251
0.10313,1.133,-0.07347,-0.79638,-0.35548,1.261,-1.3211
0.10727,1.1357,-0.071411,-0.79966,-0.35388,1.2529,-1.3151
0.11136,1.1375,-0.069582,-0.8042,-0.35166,1.2438,-1.3064
0.10064,1.1582,-0.054683,-0.76599,-0.33062,1.2779,-1.3146
0.10303,1.1605,-0.051114,-0.76377,-0.32648,1.2777,-1.3107
0.10541,1.1623,-0.047387,-0.76077,-0.32257,1.2786,-1.3083
0.10756,1.1646,-0.043428,-0.75698,-0.3185,1.2801,-1.3066
0.1108,1.1656,-0.040541,-0.75647,-0.31557,1.2783,-1.3027
0.11326,1.168,-0.036789,-0.75311,-0.31205,1.2789,-1.3013
0.12131,1.1639,-0.038407,-0.7649,-0.31494,1.2643,-1.2915
0.12357,1.1672,-0.034628,-0.76162,-0.31102,1.2639,-1.2889
0.096363,1.2474,-0.079423,-0.56274,-0.39899,1.3709,-1.4657
0.097896,1.2591,-0.075055,-0.54319,-0.39335,1.3876,-1.4657
0.10066,1.2605,-0.07166,-0.54463,-0.38899,1.3861,-1.4586
0.10145,1.2707,-0.066587,-0.5304,-0.38214,1.3969,-1.455
0.10358,1.2786,-0.062438,-0.52261,-0.37758,1.4009,-1.4526
0.10789,1.2811,-0.060045,-0.52546,-0.37633,1.3956,-1.4507
0.11688,1.2649,-0.061941,-0.56442,-0.38112,1.3603,-1.4397
0.12211,1.2582,-0.060746,-0.57996,-0.38039,1.3468,-1.431
0.12525,1.259,-0.057554,-0.57879,-0.37707,1.3481,-1.4279
0.12766,1.2625,-0.053614,-0.57235,-0.37284,1.3538,-1.4266
0.13067,1.264,-0.05029,-0.57036,-0.36938,1.3554,-1.4237
0.13351,1.2653,-0.046877,-0.56866,-0.36553,1.3568,-1.4198
0.1335,1.2754,-0.040526,-0.55056,-0.35831,1.3712,-1.4222
0.1365,1.2777,-0.037186,-0.54889,-0.35482,1.3714,-1.4187
0.13923,1.2807,-0.033592,-0.54596,-0.35105,1.3725,-1.4157
0.96687,1.0775,-0.39008,-1.6863,-0.73663,1.5125,-0.58079
0.964,1.0872,-0.3811,-1.6767,-0.72096,1.5008,-0.56643
0.95444,1.1028,-0.3628,-1.6628,-0.71894,1.4895,-0.59323
0.8744,0.90329,-0.31825,-1.8,-0.69981,1.2332,-0.62951
0.84308,0.85192,-0.30181,-1.8354,-0.68682,1.1529,-0.64707
0.83634,0.85718,-0.29324,-1.824,-0.67005,1.1559,-0.65166
0.83606,0.86199,-0.28755,-1.8196,-0.66055,1.1507,-0.64493
0.82978,0.86955,-0.27878,-1.8088,-0.64604,1.1509,-0.64883
0.83376,0.88082,-0.26926,-1.804,-0.65747,1.1468,-0.66919
0.6824,0.68976,-0.2267,-1.9787,-0.62432,0.79189,-0.74553
0.49895,0.60679,-0.1488,-2.0595,-0.53786,0.573,-0.89914
0.50194,0.60614,-0.1435,-2.0591,-0.53269,0.57342,-0.89655
0.51573,0.60652,-0.14518,-2.0595,-0.53449,0.57377,-0.88169
0.51864,0.60614,-0.13995,-2.0585,-0.52947,0.57367,-0.87907
0.52135,0.60631,-0.13429,-2.0565,-0.52393,0.57536,-0.87709
0.52422,0.6061,-0.12906,-2.0554,-0.51889,0.5752,-0.87446
0.52689,0.60638,-0.12343,-2.0532,-0.51338,0.57674,-0.87247
0.52857,0.60885,-0.11568,-2.0463,-0.50553,0.58717,-0.87395
0.53117,0.60926,-0.1101,-2.044,-0.50004,0.58861,-0.87198
0.53342,0.61037,-0.10391,-2.0401,-0.49387,0.59271,-0.87112
0.53592,0.611,-0.09827,-2.0375,-0.48831,0.59448,-0.86935
0.53827,0.6119,-0.092437,-2.0343,-0.48254,0.59711,-0.86797
0.54074,0.6126,-0.086915,-2.0316,-0.4771,0.59852,-0.86613
0.54309,0.61352,-0.08123,-2.0284,-0.47149,0.6006,-0.8646
0.54552,0.61432,-0.075761,-2.0257,-0.46612,0.60185,-0.86275
0.54782,0.61535,-0.07015,-2.0224,-0.46058,0.60372,-0.8612
0.55024,0.61621,-0.064779,-2.0196,-0.45532,0.60465,-0.85928
0.55263,0.61715,-0.059424,-2.0168,-0.45008,0.60556,-0.85738
0.55502,0.61813,-0.054106,-2.0139,-0.44489,0.60635,-0.85546
0.66346,0.79109,-0.29252,-1.7108,-0.5499,1.2228,-0.80771
0.6652,0.80617,-0.28801,-1.7103,-0.53945,1.205,-0.78596
0.66097,0.83804,-0.26972,-1.6926,-0.5525,1.2041,-0.83442
0.70335,0.82956,-0.279,-1.7402,-0.60691,1.1391,-0.79322
0.73002,0.82278,-0.28629,-1.7708,-0.63277,1.0953,-0.75065
0.73125,0.82687,-0.2815,-1.7683,-0.62478,1.0898,-0.74222
0.7169,0.83813,-0.2687,-1.747,-0.59821,1.1044,-0.75587
0.72089,0.8444,-0.26454,-1.7468,-0.59598,1.094,-0.74695
0.71754,0.85869,-0.25224,-1.7322,-0.59706,1.1012,-0.77583
0.63132,0.75726,-0.21732,-1.8318,-0.56209,0.90294,-0.82273
0.635,0.76119,-0.21156,-1.8282,-0.56334,0.90272,-0.82829
0.42681,0.66132,-0.11076,-1.9245,-0.44233,0.66922,-1.004
0.43007,0.65983,-0.10672,-1.9258,-0.43834,0.66513,-0.99975
0.43269,0.66032,-0.10142,-1.9233,-0.43303,0.66752,-0.99794
0.43535,0.66065,-0.096309,-1.9212,-0.42789,0.66896,-0.9958
0.43793,0.66122,-0.091084,-1.9187,-0.42264,0.671,-0.99391
0.44055,0.66168,-0.086002,-1.9165,-0.41754,0.67233,-0.99177
0.44316,0.6622,-0.080923,-1.9142,-0.41244,0.6736,-0.98963
0.44576,0.66273,-0.075898,-1.9119,-0.4074,0.67466,-0.98744
0.44832,0.66338,-0.070853,-1.9095,-0.40234,0.67584,-0.98532
0.45083,0.66414,-0.065775,-1.9068,-0.39724,0.67717,-0.98329
0.45335,0.66491,-0.060766,-1.9043,-0.39222,0.67821,-0.98118
0.45581,0.6658,-0.055715,-1.9015,-0.38716,0.67945,-0.97916
0.4583,0.66667,-0.05074,-1.8989,-0.38218,0.68036,-0.97705
0.46058,0.66793,-0.045531,-1.8955,-0.37694,0.68237,-0.97541
0.46303,0.66892,-0.040593,-1.8927,-0.37201,0.68316,-0.97331
0.46544,0.67,-0.035646,-1.8898,-0.36707,0.68401,-0.97126
0.46786,0.67111,-0.030744,-1.8869,-0.36218,0.68467,-0.96916
0.47304,0.6682,-0.029209,-1.8927,-0.36101,0.67026,-0.96078
0.47543,0.66945,-0.024321,-1.8897,-0.35618,0.67077,-0.95866
0.47605,0.67316,-0.017407,-1.8814,-0.34917,0.68018,-0.96035
0.51279,0.85043,-0.2609,-1.5282,-0.4229,1.3107,-0.92612
0.49929,0.87667,-0.244,-1.5049,-0.41262,1.3203,-0.96092
0.61048,0.82668,-0.27649,-1.6565,-0.57514,1.1225,-0.89242
0.61607,0.83423,-0.27084,-1.6565,-0.58101,1.1141,-0.89675
0.63671,0.82452,-0.27718,-1.6864,-0.59947,1.0702,-0.85943
0.63903,0.82894,-0.27229,-1.6846,-0.59483,1.0654,-0.85469
0.6374,0.83476,-0.26579,-1.6777,-0.58314,1.0667,-0.85156
0.62987,0.84446,-0.25622,-1.6629,-0.56338,1.0767,-0.85429
0.63061,0.85208,-0.25054,-1.6588,-0.55695,1.0719,-0.84999
0.63095,0.86235,-0.24281,-1.6511,-0.55508,1.0715,-0.85808
0.63109,0.83739,-0.23926,-1.6934,-0.56709,0.99695,-0.84821
0.63291,0.84202,-0.23272,-1.6875,-0.56559,0.99966,-0.85553
0.36429,0.71355,-0.088432,-1.8064,-0.39891,0.71767,-1.0864
0.36705,0.71362,-0.083616,-1.8047,-0.39408,0.71926,-1.0841
0.36982,0.71375,-0.078869,-1.8031,-0.38933,0.7203,-1.0817
0.37253,0.71415,-0.07408,-1.8011,-0.38453,0.7216,-1.0794
0.37522,0.71459,-0.069299,-1.7992,-0.37975,0.72283,-1.0771
0.37789,0.71511,-0.064517,-1.7971,-0.37496,0.72403,-1.0748
0.38055,0.71567,-0.059754,-1.795,-0.37019,0.72516,-1.0726
0.38319,0.7163,-0.054991,-1.7929,-0.36543,0.72623,-1.0703
0.38581,0.71699,-0.050247,-1.7906,-0.36068,0.72726,-1.068
0.38841,0.71773,-0.045511,-1.7884,-0.35595,0.72822,-1.0657
0.391,0.71853,-0.040784,-1.786,-0.35123,0.72913,-1.0634
0.39357,0.7194,-0.036069,-1.7836,-0.34652,0.73,-1.0612
0.39613,0.72031,-0.031365,-1.7811,-0.34183,0.73079,-1.0589
0.39866,0.7213,-0.026671,-1.7785,-0.33715,0.73155,-1.0566
0.40119,0.72233,-0.02199,-1.776,-0.33249,0.73224,-1.0544
0.4037,0.72342,-0.017323,-1.7733,-0.32784,0.73287,-1.0521
0.40617,0.7246,-0.012646,-1.7705,-0.32319,0.73356,-1.0499
0.40865,0.72581,-0.0080027,-1.7677,-0.31858,0.73408,-1.0477
0.41112,0.72707,-0.0033737,-1.7649,-0.31399,0.73454,-1.0454
0.41357,0.7284,0.0012437,-1.762,-0.30942,0.73497,-1.0432
0.41601,0.72977,0.0058466,-1.759,-0.30487,0.73532,-1.041
0.41844,0.7312,0.010436,-1.756,-0.30034,0.73562,-1.0388
0.42085,0.7327,0.01501,-1.7529,-0.29582,0.73588,-1.0366
0.48566,0.90006,-0.26815,-1.4408,-0.39918,1.3644,-0.93879
0.50502,0.92257,-0.25703,-1.4404,-0.4474,1.3482,-0.99175
0.60152,0.88006,-0.28974,-1.5701,-0.56973,1.1879,-0.9103
0.6468,0.85753,-0.31054,-1.6346,-0.6132,1.106,-0.8308
0.64626,0.8622,-0.30419,-1.6286,-0.60474,1.1066,-0.83009
0.64017,0.86982,-0.29462,-1.6149,-0.5898,1.1156,-0.83769
0.6409,0.8748,-0.28898,-1.6105,-0.58336,1.1133,-0.83497
0.64115,0.87948,-0.28353,-1.6061,-0.57522,1.1108,-0.83005
0.63678,0.88726,-0.27542,-1.5959,-0.56193,1.1137,-0.83076
0.63726,0.8947,-0.26969,-1.5913,-0.55569,1.1089,-0.82678
0.63705,0.90379,-0.26238,-1.5841,-0.55233,1.107,-0.83195
0.61481,0.87214,-0.24646,-1.6209,-0.5407,1.034,-0.84214
0.61706,0.87549,-0.24109,-1.6169,-0.53878,1.0333,-0.84481
0.34891,0.74679,-0.088907,-1.7353,-0.36478,0.76048,-1.0784
0.35148,0.74714,-0.084216,-1.7331,-0.36008,0.76193,-1.0763
0.35372,0.74825,-0.079175,-1.7295,-0.35502,0.76516,-1.075
0.35623,0.74891,-0.074513,-1.7271,-0.35034,0.76633,-1.0728
0.35873,0.74962,-0.069862,-1.7247,-0.34567,0.76744,-1.0707
0.36121,0.7504,-0.065208,-1.7221,-0.34099,0.7685,-1.0685
0.36368,0.75122,-0.060574,-1.7195,-0.33635,0.76949,-1.0664
0.36612,0.75211,-0.055949,-1.7169,-0.33171,0.77044,-1.0642
0.36855,0.75304,-0.051335,-1.7142,-0.32708,0.77132,-1.0621
0.37096,0.75405,-0.046726,-1.7114,-0.32247,0.77216,-1.06
0.37335,0.75511,-0.04213,-1.7085,-0.31787,0.77295,-1.0578
0.37573,0.75622,-0.037545,-1.7057,-0.31328,0.77366,-1.0557
0.37809,0.7574,-0.03297,-1.7027,-0.30871,0.77434,-1.0536
0.38044,0.75861,-0.028407,-1.6997,-0.30416,0.77494,-1.0515
0.38277,0.75991,-0.023855,-1.6966,-0.29962,0.7755,-1.0494
0.38509,0.76124,-0.019316,-1.6935,-0.2951,0.77599,-1.0473
0.38739,0.76264,-0.014787,-1.6903,-0.29059,0.77644,-1.0452
0.38968,0.7641,-0.010269,-1.6871,-0.28611,0.77683,-1.0431
0.39196,0.7656,-0.0057657,-1.6838,-0.28164,0.77716,-1.041
0.39422,0.76718,-0.0012737,-1.6804,-0.2772,0.77744,-1.039
0.39648,0.76879,0.0032047,-1.6771,-0.27277,0.77765,-1.0369
0.39872,0.77047,0.0076724,-1.6736,-0.26836,0.77782,-1.0348
0.40095,0.7722,0.012125,-1.6701,-0.26397,0.77793,-1.0328
0.42894,0.88186,-0.23233,-1.4453,-0.40256,1.2671,-1.011
0.53171,0.82562,-0.28136,-1.5918,-0.51823,1.0793,-0.88701
0.54635,0.82294,-0.2849,-1.6079,-0.52776,1.0517,-0.86204
0.54553,0.82763,-0.27843,-1.6009,-0.51982,1.0542,-0.86342
0.54677,0.83179,-0.2731,-1.5964,-0.51502,1.053,-0.86293
0.55127,0.83564,-0.27003,-1.5967,-0.5137,1.0442,-0.85555
0.55245,0.84134,-0.26493,-1.5926,-0.50836,1.0406,-0.85223
0.55321,0.84743,-0.25954,-1.5878,-0.50287,1.0376,-0.84997
0.55637,0.85339,-0.25533,-1.5854,-0.50139,1.0309,-0.84673
0.5568,0.86189,-0.24985,-1.5802,-0.49559,1.0258,-0.84295
0.55785,0.86984,-0.24512,-1.5762,-0.48962,1.019,-0.83617
0.54889,0.8796,-0.2344,-1.5609,-0.47127,1.0278,-0.84016
0.54948,0.88268,-0.22947,-1.5564,-0.4645,1.0264,-0.8367
0.34533,0.79629,-0.10376,-1.635,-0.32304,0.84239,-1.0245
0.34737,0.7971,-0.09912,-1.6316,-0.31829,0.84362,-1.0228
0.34973,0.79765,-0.094808,-1.629,-0.31387,0.84353,-1.0204
0.35174,0.79874,-0.0902,-1.6255,-0.30916,0.84447,-1.0187
0.35373,0.79988,-0.085606,-1.6219,-0.30447,0.84534,-1.0169
0.3557,0.8011,-0.081018,-1.6183,-0.29979,0.84616,-1.0152
0.35766,0.80237,-0.076431,-1.6147,-0.29512,0.84692,-1.0135
0.35959,0.80369,-0.071864,-1.611,-0.29047,0.84761,-1.0117
0.36151,0.80507,-0.067308,-1.6072,-0.28583,0.84825,-1.01
0.36342,0.80651,-0.062762,-1.6034,-0.28121,0.84882,-1.0083
0.3653,0.808,-0.058226,-1.5995,-0.27661,0.84933,-1.0066
0.36719,0.80954,-0.053706,-1.5956,-0.27203,0.84977,-1.0049
0.36904,0.81115,-0.049192,-1.5916,-0.26746,0.85016,-1.0032
0.37089,0.81281,-0.044691,-1.5876,-0.26291,0.85049,-1.0015
0.37272,0.81453,-0.0402,-1.5835,-0.25838,0.85076,-0.99981
0.37453,0.8163,-0.035721,-1.5794,-0.25387,0.85097,-0.99814
0.37634,0.81813,-0.031253,-1.5752,-0.24938,0.85112,-0.99647
0.37813,0.82002,-0.026797,-1.571,-0.2449,0.85121,-0.99481
0.37992,0.82195,-0.022358,-1.5667,-0.24046,0.85122,-0.99314
0.38169,0.82395,-0.017925,-1.5624,-0.23603,0.85119,-0.9915
0.38345,0.826,-0.013505,-1.558,-0.23162,0.8511,-0.98986
0.3852,0.82811,-0.0090954,-1.5536,-0.22723,0.85095,-0.98824
0.38694,0.83028,-0.0046988,-1.5491,-0.22286,0.85074,-0.98662
0.29573,0.74749,-0.15616,-1.6106,-0.3807,0.88266,-1.0937
0.29827,0.75111,-0.15169,-1.6079,-0.3765,0.88172,-1.0914
0.29657,0.76129,-0.14367,-1.5924,-0.36583,0.89929,-1.0957
0.29915,0.7657,-0.13944,-1.5901,-0.36162,0.89639,-1.0923
0.3019,0.7706,-0.13515,-1.5875,-0.35822,0.89346,-1.0899
0.30594,0.77498,-0.13205,-1.5887,-0.35677,0.88357,-1.0848
0.30889,0.78106,-0.12824,-1.5872,-0.35349,0.87701,-1.0804
0.31104,0.78832,-0.12378,-1.5835,-0.34907,0.87342,-1.077
0.37518,0.81489,-0.15795,-1.5625,-0.39175,0.91186,-1.0174
0.37865,0.82524,-0.15447,-1.5571,-0.38801,0.90859,-1.0112
0.38491,0.8349,-0.15319,-1.5538,-0.38635,0.9025,-1.0006
0.37989,0.8468,-0.14443,-1.5398,-0.37067,0.91239,-0.99869
0.3816,0.85056,-0.14013,-1.5366,-0.36492,0.90996,-0.99398
0.3137,0.83971,-0.089333,-1.5413,-0.31041,0.88055,-1.0609
0.31578,0.84059,-0.084814,-1.5379,-0.30581,0.88172,-1.0591
0.31819,0.84121,-0.080612,-1.5354,-0.30153,0.88156,-1.0567
0.32023,0.84241,-0.076102,-1.5319,-0.29695,0.88246,-1.0549
0.32226,0.84364,-0.071604,-1.5283,-0.29239,0.88329,-1.0531
0.32426,0.84495,-0.067107,-1.5247,-0.28783,0.88407,-1.0513
0.32626,0.84629,-0.062623,-1.5211,-0.28329,0.88478,-1.0495
0.32824,0.8477,-0.058145,-1.5174,-0.27876,0.88543,-1.0477
0.33019,0.84917,-0.053671,-1.5136,-0.27424,0.88603,-1.046
0.33214,0.85069,-0.04921,-1.5098,-0.26974,0.88656,-1.0442
0.33407,0.85226,-0.044756,-1.5059,-0.26525,0.88703,-1.0424
0.33598,0.85391,-0.040305,-1.502,-0.26077,0.88745,-1.0407
0.33788,0.8556,-0.035867,-1.498,-0.25631,0.88779,-1.0389
0.33976,0.85735,-0.031432,-1.494,-0.25185,0.88809,-1.0372
0.34164,0.85915,-0.02701,-1.4899,-0.24742,0.88832,-1.0355
0.34351,0.86101,-0.022595,-1.4858,-0.24301,0.88849,-1.0338
0.34535,0.86294,-0.018184,-1.4816,-0.2386,0.88861,-1.0321
0.34719,0.86491,-0.013786,-1.4774,-0.23422,0.88866,-1.0304
0.34902,0.86694,-0.009397,-1.4731,-0.22986,0.88865,-1.0287
0.35083,0.86903,-0.0050111,-1.4687,-0.2255,0.88859,-1.027
0.35264,0.87117,-0.00063745,-1.4643,-0.22117,0.88846,-1.0253
0.35443,0.87339,0.0037318,-1.4599,-0.21686,0.88829,-1.0237
0.35622,0.87564,0.0080879,-1.4554,-0.21256,0.88804,-1.0221
0.25609,0.8028,-0.13774,-1.4937,-0.36679,0.94544,-1.1504
0.25873,0.80535,-0.13352,-1.4913,-0.3628,0.94528,-1.1482
0.26158,0.80822,-0.1296,-1.49,-0.35905,0.94261,-1.1449
0.26383,0.81248,-0.1252,-1.4867,-0.35447,0.94224,-1.1424
0.26642,0.81663,-0.12115,-1.4846,-0.35042,0.9396,-1.139
0.26887,0.82152,-0.11691,-1.4817,-0.34647,0.93771,-1.1364
0.27258,0.82571,-0.11371,-1.4822,-0.34453,0.9296,-1.1319
0.27527,0.83173,-0.10983,-1.4803,-0.34089,0.9245,-1.1279
0.27782,0.83812,-0.10589,-1.4779,-0.33707,0.9196,-1.1238
0.27967,0.8461,-0.10111,-1.4725,-0.33296,0.91867,-1.1225
0.35275,0.87644,-0.14409,-1.4487,-0.38241,0.96063,-1.0524
0.3545,0.88514,-0.13976,-1.4449,-0.37772,0.95495,-1.0475
0.35168,0.89609,-0.13267,-1.4343,-0.36547,0.95928,-1.0435
0.35348,0.89991,-0.12837,-1.4309,-0.36044,0.95748,-1.0399
0.29528,0.88981,-0.082645,-1.4374,-0.31162,0.92788,-1.0953
0.29738,0.89069,-0.078254,-1.4342,-0.30716,0.9291,-1.0936
0.29971,0.89135,-0.074109,-1.4315,-0.30296,0.92935,-1.0913
0.30178,0.89251,-0.069741,-1.4281,-0.29854,0.93031,-1.0895
0.30382,0.89372,-0.065376,-1.4247,-0.29412,0.93121,-1.0877
0.30585,0.89498,-0.061005,-1.4212,-0.28971,0.93206,-1.0859
0.30786,0.89631,-0.056646,-1.4177,-0.2853,0.93284,-1.0841
0.30985,0.89768,-0.05229,-1.4141,-0.28091,0.93357,-1.0824
0.31183,0.89911,-0.047939,-1.4104,-0.27653,0.93424,-1.0806
0.31379,0.9006,-0.043585,-1.4067,-0.27214,0.93485,-1.0788
0.31573,0.90215,-0.039238,-1.403,-0.26777,0.9354,-1.0771
0.31766,0.90375,-0.034896,-1.3991,-0.26341,0.9359,-1.0754
0.31958,0.9054,-0.030556,-1.3953,-0.25906,0.93633,-1.0736
0.32148,0.90711,-0.026222,-1.3913,-0.25472,0.93671,-1.0719
0.32337,0.90888,-0.021891,-1.3874,-0.25039,0.93703,-1.0702
0.32524,0.9107,-0.017564,-1.3833,-0.24607,0.93729,-1.0685
0.3271,0.91258,-0.013241,-1.3793,-0.24176,0.93749,-1.0668
0.32895,0.91451,-0.0089233,-1.3751,-0.23746,0.93763,-1.0651
0.33079,0.9165,-0.0046089,-1.3709,-0.23318,0.93772,-1.0634
0.33262,0.91855,-0.00029972,-1.3667,-0.22891,0.93775,-1.0617
0.33444,0.92065,0.0040059,-1.3624,-0.22465,0.93772,-1.0601
0.23469,0.88936,-0.11719,-1.3267,-0.36361,1.023,-1.2146
0.23706,0.89265,-0.11313,-1.3243,-0.35908,1.0227,-1.2114
0.23913,0.89692,-0.10884,-1.3209,-0.35412,1.0232,-1.2085
0.2419,0.90046,-0.10513,-1.3198,-0.35034,1.02,-1.2046
0.24433,0.9045,-0.10121,-1.3178,-0.34599,1.0179,-1.2008
0.24655,0.91009,-0.097157,-1.3151,-0.34149,1.0154,-1.197
0.24892,0.91595,-0.093224,-1.3127,-0.33731,1.012,-1.193
0.25131,0.92199,-0.089324,-1.3103,-0.33318,1.0081,-1.1889
0.30692,0.94645,-0.12329,-1.2888,-0.37084,1.0438,-1.1358
0.30917,0.95468,-0.11932,-1.2855,-0.36678,1.0387,-1.1311
0.31831,0.96568,-0.12021,-1.2791,-0.36826,1.0395,-1.1208
0.32158,0.97184,-0.11685,-1.2777,-0.36606,1.0324,-1.1166
0.32362,0.97567,-0.11256,-1.2742,-0.36192,1.0314,-1.1143
0.27457,0.95898,-0.071619,-1.2946,-0.31956,0.98639,-1.1569
0.27684,0.95972,-0.067437,-1.2917,-0.31535,0.98775,-1.155
0.27901,0.96068,-0.063193,-1.2886,-0.31109,0.98923,-1.1533
0.28123,0.96172,-0.058999,-1.2856,-0.30688,0.99036,-1.1514
0.28342,0.9628,-0.05481,-1.2825,-0.30267,0.99143,-1.1495
0.28559,0.96394,-0.05062,-1.2793,-0.29847,0.99245,-1.1476
0.28775,0.96514,-0.046428,-1.2761,-0.29427,0.99341,-1.1457
0.28989,0.96639,-0.042224,-1.2728,-0.29005,0.99433,-1.1439
0.29201,0.96769,-0.038028,-1.2695,-0.28585,0.99519,-1.142
0.29412,0.96905,-0.03383,-1.2661,-0.28165,0.99599,-1.1402
0.29621,0.97047,-0.029627,-1.2627,-0.27745,0.99674,-1.1383
0.29828,0.97194,-0.025424,-1.2592,-0.27325,0.99743,-1.1365
0.30033,0.97346,-0.021219,-1.2556,-0.26906,0.99807,-1.1347
0.30237,0.97504,-0.017013,-1.252,-0.26486,0.99865,-1.1329
0.3044,0.97667,-0.012804,-1.2483,-0.26067,0.99918,-1.1311
0.30641,0.97836,-0.0085953,-1.2446,-0.25649,0.99966,-1.1293
0.30841,0.98011,-0.004385,-1.2408,-0.25231,1.0001,-1.1275
0.31039,0.98191,-0.00017353,-1.237,-0.24813,1.0004,-1.1257
0.31237,0.98376,0.0040401,-1.2331,-0.24396,1.0007,-1.124
0.31432,0.98567,0.008254,-1.2291,-0.2398,1.001,-1.1223
0.31627,0.98764,0.012469,-1.2251,-0.23564,1.0012,-1.1205
0.20838,0.93186,-0.10475,-1.2384,-0.32893,1.0601,-1.2038
0.21356,0.93174,-0.10294,-1.2433,-0.32868,1.0493,-1.1978
0.21718,0.93433,-0.099982,-1.2439,-0.32633,1.0432,-1.1933
0.21984,0.93837,-0.096294,-1.2419,-0.32276,1.0403,-1.1899
0.22448,0.94094,-0.093828,-1.2436,-0.32273,1.032,-1.1868
0.22709,0.94663,-0.090126,-1.2411,-0.31932,1.0279,-1.1833
0.22978,0.95248,-0.086506,-1.2388,-0.31606,1.0234,-1.1797
0.23222,0.95925,-0.082521,-1.2349,-0.313,1.0203,-1.1777
0.30171,0.98926,-0.12854,-1.2069,-0.3645,1.0648,-1.1159
0.30306,0.99784,-0.12407,-1.2021,-0.35973,1.0606,-1.112
0.31263,1.0071,-0.1264,-1.1987,-0.36038,1.0571,-1.0959
0.30496,1.019,-0.1154,-1.1799,-0.3438,1.0724,-1.0985
0.30652,1.0222,-0.11151,-1.1772,-0.33772,1.0699,-1.0919
0.25213,1.015,-0.063586,-1.1772,-0.28857,1.0525,-1.147
0.25407,1.0161,-0.059349,-1.1736,-0.28429,1.0535,-1.1453
0.25646,1.0169,-0.055529,-1.171,-0.28043,1.0532,-1.1429
0.25835,1.0184,-0.051282,-1.1673,-0.27615,1.0541,-1.1412
0.26025,1.0198,-0.047038,-1.1635,-0.27188,1.0549,-1.1395
0.26211,1.0214,-0.042781,-1.1597,-0.2676,1.0556,-1.1379
0.26396,1.023,-0.038529,-1.1558,-0.26333,1.0563,-1.1363
0.26579,1.0246,-0.034263,-1.1519,-0.25906,1.0569,-1.1346
0.26762,1.0263,-0.030001,-1.1479,-0.25479,1.0575,-1.133
0.26941,1.028,-0.025727,-1.1439,-0.25051,1.058,-1.1314
0.2712,1.0298,-0.021457,-1.1398,-0.24625,1.0584,-1.1298
0.27297,1.0317,-0.017174,-1.1357,-0.24197,1.0588,-1.1282
0.27473,1.0336,-0.012895,-1.1315,-0.23771,1.0591,-1.1267
0.27647,1.0356,-0.0086026,-1.1272,-0.23344,1.0594,-1.1251
0.27821,1.0376,-0.004315,-1.123,-0.22918,1.0596,-1.1236
0.27992,1.0397,-1.432e-05,-1.1186,-0.22492,1.0597,-1.122
0.28164,1.0418,0.0042819,-1.1142,-0.22067,1.0598,-1.1205
0.28333,1.044,0.0085906,-1.1097,-0.21641,1.0598,-1.119
0.28502,1.0463,0.012896,-1.1053,-0.21217,1.0598,-1.1175
0.19031,1.0365,-0.092839,-1.0322,-0.35115,1.1535,-1.3063
0.19264,1.0396,-0.088917,-1.0293,-0.34664,1.1546,-1.3032
0.19409,1.0442,-0.0844,-1.0238,-0.34076,1.1585,-1.3003
0.19665,1.0481,-0.080661,-1.0217,-0.3368,1.1573,-1.2969
0.19932,1.0513,-0.077139,-1.0207,-0.33272,1.1548,-1.2922
0.2004,1.0576,-0.072402,-1.0147,-0.3264,1.1577,-1.2887
0.20308,1.0624,-0.068859,-1.0132,-0.32261,1.1541,-1.2843
0.2055,1.0679,-0.065128,-1.0109,-0.31851,1.1512,-1.2801
0.20805,1.0729,-0.061725,-1.0102,-0.31411,1.1464,-1.2738
0.26502,1.1025,-0.10287,-0.97984,-0.35731,1.1881,-1.2217
0.26734,1.1098,-0.098996,-0.97704,-0.35344,1.1832,-1.2172
0.27218,1.1223,-0.096437,-0.96515,-0.35353,1.1884,-1.2187
0.28119,1.1195,-0.097959,-0.97718,-0.35739,1.1704,-1.2081
0.23413,1.0949,-0.053435,-1.0152,-0.31309,1.1085,-1.245
0.23653,1.0956,-0.049473,-1.0125,-0.30915,1.11,-1.2431
0.23864,1.0969,-0.045239,-1.0088,-0.30495,1.1124,-1.2417
0.241,1.0979,-0.041251,-1.0059,-0.30098,1.1137,-1.2397
0.24333,1.0991,-0.037251,-1.0029,-0.297,1.1149,-1.2378
0.24564,1.1002,-0.033248,-0.9999,-0.29302,1.1161,-1.2358
0.24793,1.1014,-0.029233,-0.99682,-0.28903,1.1172,-1.2339
0.2502,1.1027,-0.025207,-0.99367,-0.28503,1.1183,-1.232
0.25244,1.104,-0.02116,-0.99042,-0.28101,1.1194,-1.2301
0.25468,1.1054,-0.017105,-0.98714,-0.27699,1.1204,-1.2282
0.25689,1.1068,-0.013042,-0.98381,-0.27296,1.1213,-1.2263
0.25909,1.1083,-0.0089685,-0.98041,-0.26892,1.1222,-1.2244
0.26126,1.1098,-0.0048822,-0.97695,-0.26487,1.123,-1.2225
0.2634,1.1115,-0.00077469,-0.97338,-0.26081,1.1238,-1.2207
0.26554,1.1131,0.0033351,-0.9698,-0.25674,1.1245,-1.2188
0.26767,1.1148,0.0074558,-0.96616,-0.25267,1.1252,-1.217
0.26977,1.1166,0.011589,-0.96246,-0.2486,1.1258,-1.2152
0.27185,1.1184,0.015744,-0.95865,-0.2445,1.1264,-1.2135
0.27392,1.1203,0.019901,-0.95482,-0.24041,1.1269,-1.2117
0.27598,1.1222,0.02407,-0.95094,-0.23631,1.1273,-1.2099
0.1675,1.1065,-0.076645,-0.8904,-0.33835,1.2142,-1.3497
0.17045,1.1082,-0.073307,-0.89024,-0.33463,1.2125,-1.3453
0.17073,1.1157,-0.067789,-0.87918,-0.32729,1.2221,-1.344
0.17387,1.1186,-0.064535,-0.87891,-0.32408,1.2191,-1.34
0.17649,1.1218,-0.061035,-0.87793,-0.31984,1.2171,-1.3349
0.17766,1.1282,-0.056326,-0.87172,-0.31372,1.2198,-1.3312
0.17989,1.1338,-0.05245,-0.86869,-0.30927,1.2184,-1.3271
0.18253,1.139,-0.048883,-0.86676,-0.30541,1.2153,-1.3227
0.18535,1.1432,-0.045798,-0.86726,-0.30117,1.2096,-1.3153
0.24862,1.1782,-0.095997,-0.82757,-0.35316,1.2599,-1.2594
0.25094,1.1853,-0.0921,-0.82465,-0.34924,1.2554,-1.255
0.2607,1.1874,-0.093695,-0.83427,-0.35614,1.237,-1.2516
0.26285,1.1911,-0.089469,-0.83035,-0.35227,1.2368,-1.2501
0.22084,1.1625,-0.046289,-0.8771,-0.30967,1.171,-1.2804
0.22328,1.1634,-0.042375,-0.87429,-0.30579,1.1725,-1.2784
0.22533,1.1649,-0.038064,-0.8702,-0.30152,1.1753,-1.2772
0.22773,1.166,-0.034109,-0.86723,-0.2976,1.1767,-1.2753
0.2301,1.1671,-0.030137,-0.86418,-0.29366,1.178,-1.2733
0.23244,1.1684,-0.026155,-0.86108,-0.28971,1.1793,-1.2714
0.23477,1.1696,-0.022148,-0.8579,-0.28573,1.1805,-1.2694
0.23707,1.171,-0.018123,-0.85466,-0.28174,1.1817,-1.2675
0.23934,1.1724,-0.014079,-0.85134,-0.27774,1.1828,-1.2656
0.2416,1.1738,-0.010024,-0.84797,-0.27372,1.1839,-1.2637
0.24383,1.1753,-0.0059469,-0.84452,-0.26968,1.1849,-1.2618
0.24604,1.1769,-0.0018529,-0.84102,-0.26564,1.1859,-1.26
0.24823,1.1785,0.0022616,-0.83744,-0.26157,1.1868,-1.2582
0.25039,1.1802,0.0063924,-0.83381,-0.25749,1.1876,-1.2563
0.25254,1.1819,0.010542,-0.83011,-0.25339,1.1885,-1.2546
0.25467,1.1837,0.014711,-0.82634,-0.24928,1.1892,-1.2528
0.25678,1.1856,0.018899,-0.82252,-0.24516,1.1899,-1.251
0.25887,1.1875,0.023104,-0.81863,-0.24102,1.1905,-1.2493
0.1304,1.185,-0.057902,-0.725,-0.30404,1.2814,-1.3623
0.13309,1.1879,-0.054258,-0.72249,-0.30024,1.2813,-1.3592
0.13574,1.1909,-0.050566,-0.71975,-0.29644,1.2813,-1.3563
0.1391,1.1935,-0.047551,-0.71934,-0.29353,1.2784,-1.3524
0.14156,1.1979,-0.043725,-0.71613,-0.28951,1.2776,-1.3491
0.14419,1.2021,-0.040028,-0.71323,-0.28579,1.2764,-1.3461
0.14715,1.2067,-0.036672,-0.71128,-0.2825,1.2733,-1.3424
0.14995,1.212,-0.033181,-0.70883,-0.27903,1.2701,-1.3387
0.15227,1.2182,-0.029242,-0.705,-0.27497,1.268,-1.3354
0.23014,1.2619,-0.099186,-0.64815,-0.34729,1.3336,-1.271
0.23115,1.27,-0.094018,-0.6426,-0.34188,1.3305,-1.2676
0.23304,1.2774,-0.089665,-0.63851,-0.33753,1.3262,-1.2638
0.23326,1.2852,-0.083801,-0.63185,-0.33115,1.3245,-1.2609
0.2348,1.2891,-0.079043,-0.62733,-0.32629,1.3239,-1.2586
0.20783,1.2771,-0.045698,-0.64483,-0.29277,1.2969,-1.2805
0.2097,1.2785,-0.041186,-0.64079,-0.28828,1.2984,-1.2791
0.21163,1.28,-0.036724,-0.63686,-0.28383,1.2996,-1.2776
0.21344,1.2816,-0.032141,-0.63268,-0.27927,1.3008,-1.2761
0.21521,1.2834,-0.027532,-0.62845,-0.27468,1.3019,-1.2748
0.21697,1.2851,-0.022883,-0.62416,-0.27006,1.3029,-1.2734
0.21869,1.287,-0.0182,-0.61981,-0.2654,1.3039,-1.272
0.22038,1.2889,-0.013495,-0.61542,-0.26073,1.3048,-1.2707
0.22205,1.2909,-0.0087455,-0.61096,-0.25601,1.3057,-1.2694
0.22369,1.2929,-0.0039672,-0.60646,-0.25127,1.3064,-1.2681
0.22531,1.295,0.00084559,-0.6019,-0.2465,1.3071,-1.2668
0.2269,1.2971,0.0056882,-0.59729,-0.24171,1.3077,-1.2656
0.22847,1.2993,0.010568,-0.59263,-0.23688,1.3082,-1.2644
0.23002,1.3016,0.015478,-0.58793,-0.23203,1.3087,-1.2632
0.23155,1.3039,0.020424,-0.58317,-0.22715,1.3091,-1.262
0.23305,1.3063,0.025403,-0.57836,-0.22224,1.3093,-1.2609
0.23454,1.3088,0.030418,-0.5735,-0.2173,1.3096,-1.2598
0.23601,1.3113,0.035465,-0.56859,-0.21234,1.3097,-1.2587
0.11654,1.2981,-0.03409,-0.50524,-0.28014,1.3774,-1.3941
0.12006,1.3012,-0.031143,-0.50453,-0.27724,1.3743,-1.3899
0.12248,1.3058,-0.027027,-0.50071,-0.27302,1.3736,-1.3869
0.12618,1.3091,-0.024226,-0.49993,-0.27049,1.3701,-1.3833
0.12814,1.3154,-0.019651,-0.49491,-0.26579,1.3691,-1.3806
0.13079,1.3212,-0.01578,-0.4915,-0.26193,1.3663,-1.3773
0.14201,1.331,-0.021166,-0.48172,-0.26765,1.3702,-1.3675
0.21271,1.3917,-0.094788,-0.3907,-0.34259,1.4507,-1.3144
0.2133,1.3995,-0.088572,-0.38506,-0.33631,1.4469,-1.3117
0.2167,1.4091,-0.085729,-0.37656,-0.33327,1.4458,-1.3059
0.21325,1.4166,-0.075004,-0.36627,-0.32206,1.4464,-1.3069
0.21412,1.4205,-0.069004,-0.36148,-0.31588,1.4452,-1.3044
0.19641,1.4104,-0.040943,-0.3758,-0.28788,1.4273,-1.3192
0.19755,1.412,-0.035143,-0.37104,-0.2821,1.4283,-1.3185
0.19889,1.4137,-0.029584,-0.36661,-0.27657,1.429,-1.3174
0.19995,1.4156,-0.023679,-0.36179,-0.27069,1.4297,-1.3168
0.20098,1.4176,-0.017709,-0.35694,-0.26475,1.4303,-1.3161
0.20197,1.4197,-0.011696,-0.35208,-0.25877,1.4308,-1.3155
0.20294,1.4218,-0.0056173,-0.34718,-0.25273,1.4312,-1.3148
0.20389,1.424,0.00050334,-0.34228,-0.24665,1.4315,-1.3143
0.20481,1.4262,0.0066867,-0.33735,-0.24051,1.4316,-1.3137
0.2057,1.4286,0.01292,-0.3324,-0.23433,1.4317,-1.3132
0.20657,1.4309,0.01921,-0.32743,-0.2281,1.4316,-1.3127
0.20742,1.4334,0.025552,-0.32244,-0.22182,1.4314,-1.3122
0.20825,1.4359,0.031956,-0.31743,-0.21548,1.4311,-1.3118
0.20906,1.4385,0.03841,-0.31241,-0.2091,1.4307,-1.3114
0.20986,1.4412,0.044921,-0.30737,-0.20266,1.4302,-1.311
0.21064,1.4439,0.051489,-0.3023,-0.19618,1.4296,-1.3107
0.2114,1.4467,0.058114,-0.29722,-0.18964,1.4288,-1.3105
0.21215,1.4496,0.0648,-0.29212,-0.18306,1.4279,-1.3102
